Workbook

Sheet Dashboard
B2: NutriBite Project Tracking Dashboard
B3: MERN + FastAPI Pediatric Nutrition Platform - Status Registry
B5: Total Features | C5: Completed Features | D5: In Progress Features | E5: Open Features | F5: Blocked Features | G5: Overall Completion %
B6: =COUNTA(Features!$B$4:$B$17) | C6: =COUNTIF(Features!$F$4:$F$17, "Completed") | D6: =COUNTIF(Features!$F$4:$F$17, "In Progress") | E6: =COUNTIF(Features!$F$4:$F$17, "Open") | F6: =COUNTIF(Features!$F$4:$F$17, "Blocked") | G6: =AVERAGE(Features!$H$4:$H$17)
B8: Project Completion Progress Indicator
B9: =G6
B11: STATUS DISTRIBUTION DATA | E11: FEATURES STATUS DISTRIBUTION CHART
B12: Status | C12: Count
B13: Completed | C13: =COUNTIF(Features!$F$4:$F$17, "Completed")
B14: In Progress | C14: =COUNTIF(Features!$F$4:$F$17, "In Progress")
B15: Review | C15: =COUNTIF(Features!$F$4:$F$17, "Review")
B16: Blocked | C16: =COUNTIF(Features!$F$4:$F$17, "Blocked")
B17: Open | C17: =COUNTIF(Features!$F$4:$F$17, "Open")
B18: Total Features | C18: =SUM(C13:C17)
B20: PROJECT HEALTH & TIMELINE SUMMARY
B21: Project Status: | C21: ACTIVE (Phase 5 - AI & Telemetry Integration)
B22: Current Health: | C22: HEALTHY (All core user workflows verified)
B23: Target Deadline: | C23: June 25, 2026 (Final Review)
B24: Risks/Blockers: | C24: None. Final RAG benchmark tests are complete.

Sheet Features
B2: NutriBite Feature Registry
B3: Feature ID | C3: Feature Name | D3: Description | E3: Owner | F3: Status | G3: Priority | H3: Completion % | I3: Comments
B4: F-01 | C4: Landing Page | D4: Landing page explaining NutriBite's clinical and gamified modes | E4: Pavan Vignesh | F4: Completed | G4: Low | H4: =IF(COUNTIF(Tasks!$C$4:$C$100, C4)>0, COUNTIFS(Tasks!$C$4:$C$100, C4, Tasks!$G$4:$G$100, "Completed")/COUNTIF(Tasks!$C$4:$C$100, C4), 0) | I4: Ready for deployment
B5: F-02 | C5: Authentication | D5: User register, login, JWT and role-based access controls | E5: Tharun | F5: Completed | G5: High | H5: =IF(COUNTIF(Tasks!$C$4:$C$100, C5)>0, COUNTIFS(Tasks!$C$4:$C$100, C5, Tasks!$G$4:$G$100, "Completed")/COUNTIF(Tasks!$C$4:$C$100, C5), 0) | I5: Verified auth layers
B6: F-03 | C6: Parent Dashboard | D6: Command center for child metrics, sleep, active logs | E6: Pavan Vignesh | F6: Completed | G6: High | H6: =IF(COUNTIF(Tasks!$C$4:$C$100, C6)>0, COUNTIFS(Tasks!$C$4:$C$100, C6, Tasks!$G$4:$G$100, "Completed")/COUNTIF(Tasks!$C$4:$C$100, C6), 0) | I6: Responsive layout complete
B7: F-04 | C7: Doctor Dashboard | D7: Pediatric dashboard for patients grid, notes and charts | E7: Pavan Vignesh | F7: Completed | G7: High | H7: =IF(COUNTIF(Tasks!$C$4:$C$100, C7)>0, COUNTIFS(Tasks!$C$4:$C$100, C7, Tasks!$G$4:$G$100, "Completed")/COUNTIF(Tasks!$C$4:$C$100, C7), 0) | I7: Merged details view
B8: F-05 | C8: Child Profile Management | D8: Creation and maintenance of multiple child records | E8: Tharun | F8: Completed | G8: Medium | H8: =IF(COUNTIF(Tasks!$C$4:$C$100, C8)>0, COUNTIFS(Tasks!$C$4:$C$100, C8, Tasks!$G$4:$G$100, "Completed")/COUNTIF(Tasks!$C$4:$C$100, C8), 0) | I8: Validated with Zod schemas
B9: F-06 | C9: Meal Logging | D9: 6 slot meal logging journal with portions and image upload | E9: Pavan Krishna | F9: Completed | G9: High | H9: =IF(COUNTIF(Tasks!$C$4:$C$100, C9)>0, COUNTIFS(Tasks!$C$4:$C$100, C9, Tasks!$G$4:$G$100, "Completed")/COUNTIF(Tasks!$C$4:$C$100, C9), 0) | I9: Linked to local food db
B10: F-07 | C10: Nutrition Analysis | D10: RDA target comparison and calorie/protein gap tracker | E10: Pavan Krishna | F10: Completed | G10: High | H10: =IF(COUNTIF(Tasks!$C$4:$C$100, C10)>0, COUNTIFS(Tasks!$C$4:$C$100, C10, Tasks!$G$4:$G$100, "Completed")/COUNTIF(Tasks!$C$4:$C$100, C10), 0) | I10: Deterministic gap analysis
B11: F-08 | C11: AI Nutrition Assistant | D11: Parents conversational RAG guide with citation viewer | E11: Abhiram | F11: Completed | G11: High | H11: =IF(COUNTIF(Tasks!$C$4:$C$100, C11)>0, COUNTIFS(Tasks!$C$4:$C$100, C11, Tasks!$G$4:$G$100, "Completed")/COUNTIF(Tasks!$C$4:$C$100, C11), 0) | I11: RAG and planning active
B12: F-09 | C12: Food Buddy | D12: Gamified kids chatbot with story prompt filters and XP | E12: Abhiram | F12: Completed | G12: Medium | H12: =IF(COUNTIF(Tasks!$C$4:$C$100, C12)>0, COUNTIFS(Tasks!$C$4:$C$100, C12, Tasks!$G$4:$G$100, "Completed")/COUNTIF(Tasks!$C$4:$C$100, C12), 0) | I12: Verified kid story filters
B13: F-10 | C13: Doctor Access System | D13: Secure restricted or full permission doctor connection | E13: Tharun | F13: Completed | G13: High | H13: =IF(COUNTIF(Tasks!$C$4:$C$100, C13)>0, COUNTIFS(Tasks!$C$4:$C$100, C13, Tasks!$G$4:$G$100, "Completed")/COUNTIF(Tasks!$C$4:$C$100, C13), 0) | I13: Validated with handshake logic
B14: F-11 | C14: Growth Tracking | D14: Logs height, weight, BMI risk status over time | E14: Pavan Krishna | F14: Completed | G14: Medium | H14: =IF(COUNTIF(Tasks!$C$4:$C$100, C14)>0, COUNTIFS(Tasks!$C$4:$C$100, C14, Tasks!$G$4:$G$100, "Completed")/COUNTIF(Tasks!$C$4:$C$100, C14), 0) | I14: Computes BMI percentiles
B15: F-12 | C15: RAG Pipeline | D15: BM25 and FAISS hybrid vector search with reranker | E15: Dinesh Veera | F15: Completed | G15: High | H15: =IF(COUNTIF(Tasks!$C$4:$C$100, C15)>0, COUNTIFS(Tasks!$C$4:$C$100, C15, Tasks!$G$4:$G$100, "Completed")/COUNTIF(Tasks!$C$4:$C$100, C15), 0) | I15: Guideline textbooks loaded
... B17: F-14 | C17: Deployment | D17: MongoDB Atlas, Prometheus telemetry and compose setups | E17: Tharun | F17: Completed | G17: High | H17: =IF(COUNTIF(Tasks!$C$4:$C$100, C17)>0, COUNTIFS(Tasks!$C$4:$C$100, C17, Tasks!$G$4:$G$100, "Completed")/COUNTIF(Tasks!$C$4:$C$100, C17), 0) | I17: Staging containers running

Sheet User Stories
B2: NutriBite User Stories
B3: Story ID | C3: Feature | D3: User Story | E3: Assigned To | F3: Status | G3: Reviewer | H3: Comments
B4: US-01 | C4: Landing Page | D4: As a prospective user, I want to view a visually engaging landing page, so that I can understand NutriBite's clinical and gamified features. | E4: Pavan Vignesh | F4: Completed | G4: Abhiram | H4: Visual layout verified
B5: US-02 | C5: Authentication | D5: As a parent or doctor, I want secure registration and login, so that my child's medical and dietary data is protected. | E5: Tharun | F5: Completed | G5: Abhiram | H5: Auth tests passed
B6: US-03 | C6: Parent Dashboard | D6: As a parent, I want to see a central dashboard with quick logging tools and water intake counters, so that I can easily monitor my child's daily habits. | E6: Pavan Vignesh | F6: Completed | G6: Tharun | H6: Linked to stats API
B7: US-04 | C7: Doctor Dashboard | D7: As a pediatrician, I want a unified patient list and growth graphs, so that I can review real-time meal diaries and growth histories. | E7: Pavan Vignesh | F7: Completed | G7: Tharun | H7: Grid layouts complete
B8: US-05 | C8: Child Profile Management | D8: As a parent, I want to create separate child profiles with dietary preferences and custom avatars, so that I can manage each child's health goals individually. | E8: Tharun | F8: Completed | G8: Pavan Krishna | H8: DB schema tested
B9: US-06 | C9: Meal Logging | D9: As a parent, I want to log breakfast, lunch, dinner, snacks, and upload meal photos, so that I have a complete dietary history for analysis. | E9: Pavan Krishna | F9: Completed | G9: Abhiram | H9: Form validation tested
B10: US-07 | C10: Nutrition Analysis | D10: As a parent, I want to view auto-calculated macro totals and RDA gaps, so that I can identify dietary deficiencies like iron or calcium. | E10: Pavan Krishna | F10: Completed | G10: Dinesh Veera | H10: Target comparisons verified
B11: US-08 | C11: AI Nutrition Assistant | D11: As a parent, I want to chat with an AI assistant that references NIN/ICMR guidelines, so that I can get reliable, safe pediatric advice. | E11: Abhiram | F11: Completed | G11: Dinesh Veera | H11: Citations verified
B12: US-09 | C12: Food Buddy | D12: As a child, I want to chat with a superhero mascot, earn XP, and unlock badges for eating healthy, so that eating well is fun. | E12: Abhiram | F12: Completed | G12: Pavan Vignesh | H12: Kids mode flow validated
B13: US-10 | C13: Doctor Access System | D13: As a parent, I want to approve or deny access requests from specific doctors, so that I control who sees my child's clinical records. | E13: Tharun | F13: Completed | G13: Abhiram | H13: Two-way handshake verified
B14: US-11 | C14: Growth Tracking | D14: As a parent, I want to record height and weight logs to calculate BMI, so that I can monitor my child's physical development. | E14: Pavan Krishna | F14: Completed | G14: Tharun | H14: Growth velocity calculated
... B17: US-14 | C17: Deployment | D17: As a developer, I want a containerized deployment with metrics, so that operations are stable and observable. | E17: Tharun | F17: Completed | G17: Dinesh Veera | H17: Telemetry dashboards running

Sheet Tasks
B2: NutriBite Detailed Task Registry
B3: Task ID | C3: Feature | D3: Task Name | E3: Assigned To | F3: Reviewed By | G3: Status | H3: Due Date | I3: Comments
B4: T-001 | C4: Landing Page | D4: Create Hero Section | E4: Pavan Vignesh | F4: Abhiram | G4: Completed | H4: 2026-04-15 | I4: Responsive layout complete
B5: T-002 | C5: Landing Page | D5: Create About Section | E5: Pavan Vignesh | F5: Abhiram | G5: Completed | H5: 2026-04-16 | I5: Standard copy written
B6: T-003 | C6: Landing Page | D6: Create Features Section | E6: Pavan Vignesh | F6: Abhiram | G6: Completed | H6: 2026-04-17 | I6: Icons added
B7: T-004 | C7: Landing Page | D7: Create Contact Section | E7: Pavan Vignesh | F7: Abhiram | G7: Completed | H7: 2026-04-18 | I7: Feedback form integrated
B8: T-005 | C8: Landing Page | D8: Responsive Design | E8: Pavan Vignesh | F8: Abhiram | G8: Completed | H8: 2026-04-20 | I8: Viewport tested on mobile
B9: T-006 | C9: Authentication | D9: Login UI | E9: Pavan Vignesh | F9: Tharun | G9: Completed | H9: 2026-04-22 | I9: Auth forms structured
B10: T-007 | C10: Authentication | D10: Registration UI | E10: Pavan Vignesh | F10: Tharun | G10: Completed | H10: 2026-04-23 | I10: Role check dropdown added
B11: T-008 | C11: Authentication | D11: JWT Authentication | E11: Tharun | F11: Abhiram | G11: Completed | H11: 2026-04-25 | I11: Cookie parser configuration
B12: T-009 | C12: Authentication | D12: Role Based Access | E12: Tharun | F12: Abhiram | G12: Completed | H12: 2026-04-27 | I12: Express route guarding
B13: T-010 | C13: Parent Dashboard | D13: Child Selection Widget | E13: Pavan Vignesh | F13: Tharun | G13: Completed | H13: 2026-04-29 | I13: Dynamic dropdown list
B14: T-011 | C14: Parent Dashboard | D14: Activity Level Widget | E14: Pavan Vignesh | F14: Tharun | G14: Completed | H14: 2026-04-30 | I14: Active settings tags
... B56: T-053 | C56: Deployment | D56: Docker-Compose Orchestration | E56: Tharun | F56: Pavan Krishna | G56: In Progress | H56: 2026-06-21 | I56: Container bridge configuration

Sheet Team Contributions
B2: NutriBite Team Contribution Tracker
B3: Member | C3: Role | D3: Features Owned | E3: Tasks Assigned | F3: Tasks Completed | G3: Contribution % | H3: Comments
B4: Abhiram | C4: AI Engineer & Feature Lead | D4: =COUNTIF(Features!$E$4:$E$17, B4) | E4: =COUNTIF(Tasks!$E$4:$E$100, B4) | F4: =COUNTIFS(Tasks!$E$4:$E$100, B4, Tasks!$G$4:$G$100, "Completed") | G4: =IF(SUM($F$4:$F$8)>0, F4/SUM($F$4:$F$8), 0) | H4: LLM Integration, Ollama Router, Story prompts
B5: Tharun | C5: Backend & Database Engineer | D5: =COUNTIF(Features!$E$4:$E$17, B5) | E5: =COUNTIF(Tasks!$E$4:$E$100, B5) | F5: =COUNTIFS(Tasks!$E$4:$E$100, B5, Tasks!$G$4:$G$100, "Completed") | G5: =IF(SUM($F$4:$F$8)>0, F5/SUM($F$4:$F$8), 0) | H5: Auth backend, MongoDB database schemas, express server
B6: Dinesh Veera | C6: RAG Engineer | D6: =COUNTIF(Features!$E$4:$E$17, B6) | E6: =COUNTIF(Tasks!$E$4:$E$100, B6) | F6: =COUNTIFS(Tasks!$E$4:$E$100, B6, Tasks!$G$4:$G$100, "Completed") | G6: =IF(SUM($F$4:$F$8)>0, F6/SUM($F$4:$F$8), 0) | H6: FAISS indexes, BM25 retriever, Cross-Encoder reranker
B7: Pavan Krishna | C7: Data Engineer & Backend Developer | D7: =COUNTIF(Features!$E$4:$E$17, B7) | E7: =COUNTIF(Tasks!$E$4:$E$100, B7) | F7: =COUNTIFS(Tasks!$E$4:$E$100, B7, Tasks!$G$4:$G$100, "Completed") | G7: =IF(SUM($F$4:$F$8)>0, F7/SUM($F$4:$F$8), 0) | H7: Indian foods dataset, sleep log logic, BMI calculations
B8: Pavan Vignesh | C8: Frontend & UI/UX Engineer | D8: =COUNTIF(Features!$E$4:$E$17, B8) | E8: =COUNTIF(Tasks!$E$4:$E$100, B8) | F8: =COUNTIFS(Tasks!$E$4:$E$100, B8, Tasks!$G$4:$G$100, "Completed") | G8: =IF(SUM($F$4:$F$8)>0, F8/SUM($F$4:$F$8), 0) | H8: Web UI dashboards, Recharts velocity lines, animations
B9: Total | D9: =SUM(D4:D8) | E9: =SUM(E4:E8) | F9: =SUM(F4:F8) | G9: =SUM(G4:G8)
